{"initial_relaxation_objective":0.0,"vm_range_init":3.2500000000000027,"final_relaxation_objective":802.9002383211209,"avg_vm_range_init":0.10833333333333342,"final_rel_gap_from_ub":null,"run_time":50.42799997329712,"avg_td_range_final":0.04402195121951219,"initial_rel_gap_from_ub":null,"upper_bound":null,"vm_range_final":2.667000000000001,"vad_sign_determined":18,"avg_td_range_init":1.0471975511965976,"avg_vm_range_final":0.08890000000000003,"sim_parallel_run_time":0.9529998302459717,"model_type":"QCRMPowerModel","iteration_count":3,"td_range_init":42.9350995990605,"td_range_final":1.8048999999999997}