{"initial_relaxation_objective":802.680192864761,"vm_range_init":3.2500000000000027,"final_relaxation_objective":802.9584149681167,"avg_vm_range_init":0.10833333333333342,"final_rel_gap_from_ub":null,"run_time":50.3439998626709,"avg_td_range_final":0.03394634146341463,"initial_rel_gap_from_ub":null,"upper_bound":null,"vm_range_final":2.352100000000001,"vad_sign_determined":29,"avg_td_range_init":1.0471975511965976,"avg_vm_range_final":0.07840333333333337,"sim_parallel_run_time":0.9789998531341553,"model_type":"QCLSPowerModel","iteration_count":3,"td_range_init":42.9350995990605,"td_range_final":1.3918}