Volumes,elapsed,HP,sampling,memory,init_feas,pvpq_feas,correct_feas
1.1279131110126062e-7,59.7741762,1.0921228,5.1883989,2463736112,0,0,5
