;method;number of samples;AC feasible samples;AC feasible percentage [%];stable samples;stable samples percentage [%];secure samples;secure samples percentage [%];samples in HIC region;samples in HIC region percentage [%]
0;method;22686;12001;52.90046724852332;11753;51.80728202415587;6048;26.65961385876752;11469;50.555408622057655
1;lhc;20000;10000;50.0;10437;46.006347527109234;9159;40.37291721766728;356;1.5692497575597284
2;importance;24984;12500;50.032020493115596;21498;94.76329013488495;11791;51.97478621176056;5178;22.82464956360751
