;training data;method test accuracy;lhc test accuracy;imp test accuracy;space;method test recall;lhc test recall;imp test recall;space1;method test precision;lhc test precision;imp test precision;space2;method test f1;lhc test f1;imp test f1;space3;method test fpr;lhc test fpr;imp test fpr
0;method;0.9178902352102637;0.9576;0.9732628882484791;;0.8319408740359897;0.997411561691113;0.9979966611018364;;0.9799394398183194;0.9181890389197777;0.9488888888888889;;0.899895724713243;0.9561621174524401;0.9728234336859235;;0.013579297975915961;0.07680835197613721;0.049523223623500465
1;lhc;0.6915181753385602;0.9786;0.8739993595901376;;0.785025706940874;0.9719585849870578;0.7986644407345576;;0.6203656678517013;0.9816993464052287;0.9285714285714286;;0.693049645390071;0.9768046824192499;0.8587327230299767;;0.3830386881885729;0.015659955257270694;0.0565979698554291
2;importance;0.8933713471133286;0.9794;0.9774255523535063;;0.7760282776349614;0.9870578084555651;0.9913188647746244;;0.9793187347931873;0.9690808979246082;0.9627107652399481;;0.8659017569021155;0.9779867493054072;0.9768053956242803;;0.013066871637202153;0.027218493661446682;0.035373731159643186
