;training data;method test accuracy;lhc test accuracy;imp test accuracy;space;method test recall;lhc test recall;imp test recall;space1;method test precision;lhc test precision;imp test precision;space2;method test f1;lhc test f1;imp test f1;space3;method test fpr;lhc test fpr;imp test fpr
0;method;0.9544336993935421;0.9576;0.972942683317323;;0.9130022144890857;0.997411561691113;0.9979966611018364;;0.9989615784008308;0.9181890389197777;0.9482868020304569;;0.9540495867768595;0.9561621174524401;0.9725069139417603;;0.0010204081632653062;0.07680835197613721;0.050138418948015996
1;lhc;0.6220291755449926;0.9786;0.8739993595901376;;0.3986080354318254;0.9719585849870578;0.7986644407345576;;0.7567567567567568;0.9816993464052287;0.9285714285714286;;0.5221715706589308;0.9768046824192499;0.8587327230299767;;0.1377551020408163;0.015659955257270694;0.0565979698554291
2;importance;0.9354204228814949;0.9794;0.9774255523535063;;0.8785194558683961;0.9870578084555651;0.9913188647746244;;0.9964119124506639;0.9690808979246082;0.9627107652399481;;0.9337592468056489;0.9779867493054072;0.9768053956242803;;0.003401360544217687;0.027218493661446682;0.035373731159643186
