;training data;method test data;lhc test data;imp test data
0;method;0.9540495867768595;0.9561621174524401;0.9725069139417603
1;lhc;0.5221715706589308;0.9768046824192499;0.8587327230299767
2;importance;0.9337592468056489;0.9779867493054072;0.9768053956242803
