;training data;method test accuracy;lhc test accuracy;imp test accuracy;space;method test recall;lhc test recall;imp test recall;space1;method test precision;lhc test precision;imp test precision;space2;method test f1;lhc test f1;imp test f1;space3;method test fpr;lhc test fpr;imp test fpr
0;method;0.9402015677491601;0.7654320987654321;0.9210526315789473;;0.8827187916481564;1.0;0.9920477137176938;;0.9984924623115577;0.6122448979591837;0.8400673400673401;;0.9370431502004244;0.759493670886076;0.9097538742023701;;0.0013550135501355014;0.37254901960784315;0.12649800266311584
1;lhc;0.5661814109742441;0.7654320987654321;0.7799043062200957;;0.28342958685028874;0.5666666666666667;0.6222664015904572;;0.6632016632016632;0.7391304347826086;0.7844611528822055;;0.3971366324307501;0.6415094339622641;0.6940133037694013;;0.14634146341463414;0.11764705882352941;0.11451398135818908
2;importance;0.9200447928331467;0.7777777777777778;0.9210526315789473;;0.8454020435362062;0.9;0.9801192842942346;;0.9952928870292888;0.6428571428571429;0.8470790378006873;;0.914244535190968;0.75;0.9087557603686636;;0.0040650406504065045;0.29411764705882354;0.118508655126498
