elapsed;sampling;memory;init_feas;pvpq_feas;correct_feas
1145.5827708;1143.4920614;234718517064;687;1915;7398
