Volumes;elapsed;HP;sampling;memory;init_feas;pvpq_feas;correct_feas
0.015955573053494432;405.3039626;184.1237027;79.251696;8313566488;0;61;189
0.0025058059642880065;405.3039626;184.1237027;79.251696;8313566488;0;61;189
0.0019293983336931065;405.3039626;184.1237027;79.251696;8313566488;0;61;189
0.0013138154747573982;405.3039626;184.1237027;79.251696;8313566488;0;61;189
0.0011903248658452865;405.3039626;184.1237027;79.251696;8313566488;0;61;189
