Volumes;elapsed;HP;sampling;memory;init_feas;pvpq_feas;correct_feas
0.01581183804660146;265.2756917;130.4641995;21.968324;4852345400;0;0;100
0.007554392401242495;265.2756917;130.4641995;21.968324;4852345400;0;0;100
0.004710914610638024;265.2756917;130.4641995;21.968324;4852345400;0;0;100
0.002660113982795308;265.2756917;130.4641995;21.968324;4852345400;0;0;100
0.0023482465283565894;265.2756917;130.4641995;21.968324;4852345400;0;0;100
