elapsed;sampling;memory;init_feas;pvpq_feas;correct_feas
1360.6752658;1358.5557711;225553345408;598;3826;5576
