Volumes,elapsed,HP,sampling,memory,init_feas,pvpq_feas,correct_feas
0.017246427787641957,18.5597498,11.806545,0.2554811,422375552,25,0,0
0.01660530406467094,18.5597498,11.806545,0.2554811,422375552,25,0,0
